mae_all,rmse_all,r2_all,spearman_all,mae_played,rmse_played,r2_played,spearman_played,ablation,in_dim,n_dropped,epochs,delta_mae_played,delta_rmse_played,delta_spearman_played,delta_spearman_all,delta_mae_all
1.0463946357157077,2.053303065329427,0.27820993672543504,0.6913619469723546,1.8619873497700188,2.8101543160409146,0.057410835473519994,0.37045603368273206,fixture_context,26,2,13,-0.006933323697708271,0.004338401765560107,0.0036922259990243567,-0.001394252948599628,-0.00038486836819373593
1.0482544081831968,2.0618347115543405,0.27219927887856443,0.687634583579616,1.865016619981974,2.8156048545937176,0.05375082222780703,0.36800836388052993,anchors,26,2,13,-0.0039040534857530673,0.009788940318363082,0.001244556196822233,-0.005121616341338231,0.0014749040992954043
1.0382227447313572,2.058563514134482,0.2745068268292934,0.6944147536047097,1.86803315953614,2.802645369726156,0.062441445439644916,0.36744118023022176,team_form,25,3,43,-0.0008875139315871472,-0.0031705445491985174,0.0006773725465140656,0.0016585536837554482,-0.008556759352544185
1.0467795040839014,2.05640168064005,0.2760298033060101,0.6927561999209543,1.868920673467727,2.8058159142753545,0.06031898457822349,0.3667638076837077,__full__,28,0,20,0.0,0.0,0.0,0.0,0.0
1.0459799524380884,2.0573757888520867,0.2753437580148226,0.6914749078421208,1.8660067117527666,2.808765562006504,0.05834224414616496,0.3656951741909717,promoted_flag,27,1,19,-0.0029139617149605,0.002949647731149696,-0.0010686334927360042,-0.0012812920788334292,-0.0007995516458130236
1.043022669994508,2.067860384565598,0.2679390950792935,0.6886636512834713,1.869457409181048,2.8126128248963664,0.05576083533909959,0.3656455036242126,position,27,1,22,0.0005367357133210238,0.006796910621011953,-0.00111830405949509,-0.0040925486374829845,-0.0037568340893934238
1.0498988669236946,2.0595634282002684,0.2738018624143771,0.6906439052200657,1.861423975501397,2.8118703364035054,0.056259300090284015,0.36433528738459453,opponent_strength,26,2,14,-0.007496697966330013,0.0060544221281508825,-0.0024285202991131682,-0.002112294700888584,0.003119362839793194
1.0634712232675236,2.0529410245289506,0.27846444802364145,0.6877846614844884,1.8681084267453993,2.821303829066298,0.04991640104195616,0.3624971634628142,market_signals,23,5,21,-0.0008122467223277141,0.015487914790943691,-0.004266644220893512,-0.0049715384364659165,0.016691719183622222
1.1494922276109503,2.1028374349574586,0.2429646012113983,0.6249540065304529,1.8756113822567344,2.82487560447906,0.047509263403772595,0.33762041826633277,player_form,16,12,35,0.006690708789007349,0.01905969020370568,-0.029143389417374932,-0.06780219339050142,0.10271272352704885
